#SampleID	BarcodeSequence	LinkerPrimerSequence	Subject	SampleType	Finger	KeyboardKey	SubjectDetail	Description
K1.A	AGTGTTCGATCG	CATGCTGCCTCCCGTAGGAGT	keyboard-1	keyboard	na	A	A	keyboard.key
K1.B	ATATGCCAGTGC	CATGCTGCCTCCCGTAGGAGT	keyboard-1	keyboard	na	B	B	keyboard.key
K1.C	ATAGGCGATCTC	CATGCTGCCTCCCGTAGGAGT	keyboard-1	keyboard	na	C	C	keyboard.key
K1.E	AGTCACATCACT	CATGCTGCCTCCCGTAGGAGT	keyboard-1	keyboard	na	E	E	keyboard.key
K1.G	ATAATCTCGTCG	CATGCTGCCTCCCGTAGGAGT	keyboard-1	keyboard	na	G	G	keyboard.key
K1.H	ATACACGTGGCG	CATGCTGCCTCCCGTAGGAGT	keyboard-1	keyboard	na	H	H	keyboard.key
K1.J	ATACAGAGCTCC	CATGCTGCCTCCCGTAGGAGT	keyboard-1	keyboard	na	J	J	keyboard.key
K1.K	ATACGTCTTCGA	CATGCTGCCTCCCGTAGGAGT	keyboard-1	keyboard	na	K	K	keyboard.key
K1.L	ATACTATTGCGC	CATGCTGCCTCCCGTAGGAGT	keyboard-1	keyboard	na	L	L	keyboard.key
K1.Shift.L	ATCAGGCGTGTG	CATGCTGCCTCCCGTAGGAGT	keyboard-1	keyboard	na	Shift.L	Shift.L	keyboard.key
K1.M	ATCACTAGTCAC	CATGCTGCCTCCCGTAGGAGT	keyboard-1	keyboard	na	M	M	keyboard.key
K1.N	ATCACGTAGCGG	CATGCTGCCTCCCGTAGGAGT	keyboard-1	keyboard	na	N	N	keyboard.key
K1.P	AGTGTCACGGTG	CATGCTGCCTCCCGTAGGAGT	keyboard-1	keyboard	na	P	P	keyboard.key
K1.Q	AGTACTGCAGGC	CATGCTGCCTCCCGTAGGAGT	keyboard-1	keyboard	na	Q	Q	keyboard.key
K1.R	AGTCCATAGCTG	CATGCTGCCTCCCGTAGGAGT	keyboard-1	keyboard	na	R	R	keyboard.key
K1.Shift.R	ATCCGATCACAG	CATGCTGCCTCCCGTAGGAGT	keyboard-1	keyboard	na	Shift.R	Shift.R	keyboard.key
K1.Space	ATCGATCTGTGG	CATGCTGCCTCCCGTAGGAGT	keyboard-1	keyboard	na	Space	Space	keyboard.key
K1.T	AGTCTACTCTGA	CATGCTGCCTCCCGTAGGAGT	keyboard-1	keyboard	na	T	T	keyboard.key
K1.V	ATATCGCTACTG	CATGCTGCCTCCCGTAGGAGT	keyboard-1	keyboard	na	V	V	keyboard.key
K1.W	AGTAGTATCCTC	CATGCTGCCTCCCGTAGGAGT	keyboard-1	keyboard	na	W	W	keyboard.key
K1.X	ATAGCTCCATAC	CATGCTGCCTCCCGTAGGAGT	keyboard-1	keyboard	na	X	X	keyboard.key
K1.Y	AGTCTCGCATAT	CATGCTGCCTCCCGTAGGAGT	keyboard-1	keyboard	na	Y	Y	keyboard.key
K1.Z	ATACTCACTCAG	CATGCTGCCTCCCGTAGGAGT	keyboard-1	keyboard	na	Z	Z	keyboard.key
K2.A	AGACCGTCAGAC	CATGCTGCCTCCCGTAGGAGT	keyboard-2	keyboard	na	A	A	keyboard.key
K2.B	AGCAGCACTTGT	CATGCTGCCTCCCGTAGGAGT	keyboard-2	keyboard	na	B	B	keyboard.key
K2.C	AGCACACCTACA	CATGCTGCCTCCCGTAGGAGT	keyboard-2	keyboard	na	C	C	keyboard.key
K2.D	AGACTGCGTACT	CATGCTGCCTCCCGTAGGAGT	keyboard-2	keyboard	na	D	D	keyboard.key
K2.E	ACTCTTCTAGAG	CATGCTGCCTCCCGTAGGAGT	keyboard-2	keyboard	na	E	E	keyboard.key
K2.Enter	AGCGAGCTATCT	CATGCTGCCTCCCGTAGGAGT	keyboard-2	keyboard	na	Enter	Enter	keyboard.key
K2.F	AGAGAGCAAGTG	CATGCTGCCTCCCGTAGGAGT	keyboard-2	keyboard	na	F	F	keyboard.key
K2.G	AGAGCAAGAGCA	CATGCTGCCTCCCGTAGGAGT	keyboard-2	keyboard	na	G	G	keyboard.key
K2.H	AGAGTAGCTAAG	CATGCTGCCTCCCGTAGGAGT	keyboard-2	keyboard	na	H	H	keyboard.key
K2.K	AGATACACGCGC	CATGCTGCCTCCCGTAGGAGT	keyboard-2	keyboard	na	K	K	keyboard.key
K2.M	AGCATATGAGAG	CATGCTGCCTCCCGTAGGAGT	keyboard-2	keyboard	na	M	M	keyboard.key
K2.N	AGCAGTCGCGAT	CATGCTGCCTCCCGTAGGAGT	keyboard-2	keyboard	na	N	N	keyboard.key
K2.O	ACTTGTAGCAGC	CATGCTGCCTCCCGTAGGAGT	keyboard-2	keyboard	na	O	O	keyboard.key
K2.P	AGAACACGTCTC	CATGCTGCCTCCCGTAGGAGT	keyboard-2	keyboard	na	P	P	keyboard.key
K2.Q	ACTCGATTCGAT	CATGCTGCCTCCCGTAGGAGT	keyboard-2	keyboard	na	Q	Q	keyboard.key
K2.S	AGACGTGCACTG	CATGCTGCCTCCCGTAGGAGT	keyboard-2	keyboard	na	S	S	keyboard.key
K2.Space	AGCGCTGATGTG	CATGCTGCCTCCCGTAGGAGT	keyboard-2	keyboard	na	Space	Space	keyboard.key
K2.V	AGCACGAGCCTA	CATGCTGCCTCCCGTAGGAGT	keyboard-2	keyboard	na	V	V	keyboard.key
K2.W	ACTCGCACAGGA	CATGCTGCCTCCCGTAGGAGT	keyboard-2	keyboard	na	W	W	keyboard.key
K2.X	AGATGTTCTGCT	CATGCTGCCTCCCGTAGGAGT	keyboard-2	keyboard	na	X	X	keyboard.key
K2.Y	ACTGTACGCGTA	CATGCTGCCTCCCGTAGGAGT	keyboard-2	keyboard	na	Y	Y	keyboard.key
K3.A	ACATGATCGTTC	CATGCTGCCTCCCGTAGGAGT	keyboard-3	keyboard	na	A	A	keyboard.key
K3.B	ACGCGATACTGG	CATGCTGCCTCCCGTAGGAGT	keyboard-3	keyboard	na	B	B	keyboard.key
K3.C	ACGATGCGACCA	CATGCTGCCTCCCGTAGGAGT	keyboard-3	keyboard	na	C	C	keyboard.key
K3.D	ACATTCAGCGCA	CATGCTGCCTCCCGTAGGAGT	keyboard-3	keyboard	na	D	D	keyboard.key
K3.E	ACACTGTTCATG	CATGCTGCCTCCCGTAGGAGT	keyboard-3	keyboard	na	E	E	keyboard.key
K3.Enter	ACGGTGAGTGTC	CATGCTGCCTCCCGTAGGAGT	keyboard-3	keyboard	na	Enter	Enter	keyboard.key
K3.F	ACCACATACATC	CATGCTGCCTCCCGTAGGAGT	keyboard-3	keyboard	na	F	F	keyboard.key
K3.G	ACCAGACGATGC	CATGCTGCCTCCCGTAGGAGT	keyboard-3	keyboard	na	G	G	keyboard.key
K3.H	ACCAGCGACTAG	CATGCTGCCTCCCGTAGGAGT	keyboard-3	keyboard	na	H	H	keyboard.key
K3.I	ACAGTGCTTCAT	CATGCTGCCTCCCGTAGGAGT	keyboard-3	keyboard	na	I	I	keyboard.key
K3.J	ACCGCAGAGTCA	CATGCTGCCTCCCGTAGGAGT	keyboard-3	keyboard	na	J	J	keyboard.key
K3.K	ACCTCGATCAGA	CATGCTGCCTCCCGTAGGAGT	keyboard-3	keyboard	na	K	K	keyboard.key
K3.L	ACCTGTCTCTCT	CATGCTGCCTCCCGTAGGAGT	keyboard-3	keyboard	na	L	L	keyboard.key
K3.Shift.L	ACGGATCGTCAG	CATGCTGCCTCCCGTAGGAGT	keyboard-3	keyboard	na	Shift.L	Shift.L	keyboard.key
K3.M	ACGCTATCTGGA	CATGCTGCCTCCCGTAGGAGT	keyboard-3	keyboard	na	M	M	keyboard.key
K3.N	ACGCGCAGATAC	CATGCTGCCTCCCGTAGGAGT	keyboard-3	keyboard	na	N	N	keyboard.key
K3.O	ACAGTTGCGCGA	CATGCTGCCTCCCGTAGGAGT	keyboard-3	keyboard	na	O	O	keyboard.key
K3.P	ACATCACTTAGC	CATGCTGCCTCCCGTAGGAGT	keyboard-3	keyboard	na	P	P	keyboard.key
K3.Q	ACACGGTGTCTA	CATGCTGCCTCCCGTAGGAGT	keyboard-3	keyboard	na	Q	Q	keyboard.key
K3.R	ACAGACCACTCA	CATGCTGCCTCCCGTAGGAGT	keyboard-3	keyboard	na	R	R	keyboard.key
K3.Shift.R	ACGCTCATGGAT	CATGCTGCCTCCCGTAGGAGT	keyboard-3	keyboard	na	Shift.R	Shift.R	keyboard.key
K3.S	ACATGTCACGTG	CATGCTGCCTCCCGTAGGAGT	keyboard-3	keyboard	na	S	S	keyboard.key
K3.Space	ACGTACTCAGTG	CATGCTGCCTCCCGTAGGAGT	keyboard-3	keyboard	na	Space	Space	keyboard.key
K3.T	ACAGAGTCGGCT	CATGCTGCCTCCCGTAGGAGT	keyboard-3	keyboard	na	T	T	keyboard.key
K3.U	ACAGCTAGCTTG	CATGCTGCCTCCCGTAGGAGT	keyboard-3	keyboard	na	U	U	keyboard.key
K3.V	ACGCAACTGCTA	CATGCTGCCTCCCGTAGGAGT	keyboard-3	keyboard	na	V	V	keyboard.key
K3.W	ACACTAGATCCG	CATGCTGCCTCCCGTAGGAGT	keyboard-3	keyboard	na	W	W	keyboard.key
K3.X	ACGAGTGCTATC	CATGCTGCCTCCCGTAGGAGT	keyboard-3	keyboard	na	X	X	keyboard.key
K3.Y	ACAGCAGTGGTC	CATGCTGCCTCCCGTAGGAGT	keyboard-3	keyboard	na	Y	Y	keyboard.key
K3.Z	ACGACGTCTTAG	CATGCTGCCTCCCGTAGGAGT	keyboard-3	keyboard	na	Z	Z	keyboard.key
M2.Index.L	AACTCGTCGATG	CATGCTGCCTCCCGTAGGAGT	human-subject-2	skin	Index.L	na	Index.L	human.skin
M2.Index.R	AATCGTGACTCG	CATGCTGCCTCCCGTAGGAGT	human-subject-2	skin	Index.R	na	Index.R	human.skin
M2.Middle.L	AACTGTGCGTAC	CATGCTGCCTCCCGTAGGAGT	human-subject-2	skin	Middle.L	na	Middle.L	human.skin
M2.Middle.R	ACACACTATGGC	CATGCTGCCTCCCGTAGGAGT	human-subject-2	skin	Middle.R	na	Middle.R	human.skin
M2.Pinky.L	AAGCTGCAGTCG	CATGCTGCCTCCCGTAGGAGT	human-subject-2	skin	Pinky.L	na	Pinky.L	human.skin
M2.Pinky.R	ACACGAGCCACA	CATGCTGCCTCCCGTAGGAGT	human-subject-2	skin	Pinky.R	na	Pinky.R	human.skin
M2.Ring.L	AAGAGATGTCGA	CATGCTGCCTCCCGTAGGAGT	human-subject-2	skin	Ring.L	na	Ring.L	human.skin
M2.Ring.R	ACACATGTCTAC	CATGCTGCCTCCCGTAGGAGT	human-subject-2	skin	Ring.R	na	Ring.R	human.skin
M2.Thumb.L	AACGCACGCTAG	CATGCTGCCTCCCGTAGGAGT	human-subject-2	skin	Thumb.L	na	Thumb.L	human.skin
M2.Thumb.R	AATCAGTCTCGT	CATGCTGCCTCCCGTAGGAGT	human-subject-2	skin	Thumb.R	na	Thumb.R	human.skin
M3.Index.L	AGCTATCCACGA	CATGCTGCCTCCCGTAGGAGT	human-subject-3	skin	Index.L	na	Index.L	human.skin
M3.Index.R	AGGACGCACTGT	CATGCTGCCTCCCGTAGGAGT	human-subject-3	skin	Index.R	na	Index.R	human.skin
M3.Middle.L	AGCTCCATACAG	CATGCTGCCTCCCGTAGGAGT	human-subject-3	skin	Middle.L	na	Middle.L	human.skin
M3.Middle.R	AGGCTACACGAC	CATGCTGCCTCCCGTAGGAGT	human-subject-3	skin	Middle.R	na	Middle.R	human.skin
M3.Pinky.L	AGCTGACTAGTC	CATGCTGCCTCCCGTAGGAGT	human-subject-3	skin	Pinky.L	na	Pinky.L	human.skin
M3.Pinky.R	AGTACGCTCGAG	CATGCTGCCTCCCGTAGGAGT	human-subject-3	skin	Pinky.R	na	Pinky.R	human.skin
M3.Ring.L	AGCTCTCAGAGG	CATGCTGCCTCCCGTAGGAGT	human-subject-3	skin	Ring.L	na	Ring.L	human.skin
M3.Ring.R	AGGTGTGATCGC	CATGCTGCCTCCCGTAGGAGT	human-subject-3	skin	Ring.R	na	Ring.R	human.skin
M3.Thumb.L	AGCGTAGGTCGT	CATGCTGCCTCCCGTAGGAGT	human-subject-3	skin	Thumb.L	na	Thumb.L	human.skin
M3.Thumb.R	AGCTTGACAGCT	CATGCTGCCTCCCGTAGGAGT	human-subject-3	skin	Thumb.R	na	Thumb.R	human.skin
M9.Index.L	ACGTGAGAGAAT	CATGCTGCCTCCCGTAGGAGT	human-subject-9	skin	Index.L	na	Index.L	human.skin
M9.Index.R	ACTAGCTCCATA	CATGCTGCCTCCCGTAGGAGT	human-subject-9	skin	Index.R	na	Index.R	human.skin
M9.Middle.L	ACGTGCCGTAGA	CATGCTGCCTCCCGTAGGAGT	human-subject-9	skin	Middle.L	na	Middle.L	human.skin
M9.Middle.R	ACTATTGTCACG	CATGCTGCCTCCCGTAGGAGT	human-subject-9	skin	Middle.R	na	Middle.R	human.skin
M9.Pinky.L	ACTACAGCCTAT	CATGCTGCCTCCCGTAGGAGT	human-subject-9	skin	Pinky.L	na	Pinky.L	human.skin
M9.Pinky.R	ACTCAGATACTC	CATGCTGCCTCCCGTAGGAGT	human-subject-9	skin	Pinky.R	na	Pinky.R	human.skin
M9.Ring.L	ACGTTAGCACAC	CATGCTGCCTCCCGTAGGAGT	human-subject-9	skin	Ring.L	na	Ring.L	human.skin
M9.Ring.R	ACTCACGGTATG	CATGCTGCCTCCCGTAGGAGT	human-subject-9	skin	Ring.R	na	Ring.R	human.skin
M9.Thumb.L	ACGTCTGTAGCA	CATGCTGCCTCCCGTAGGAGT	human-subject-9	skin	Thumb.L	na	Thumb.L	human.skin
M9.Thumb.R	ACTACGTGTGGT	CATGCTGCCTCCCGTAGGAGT	human-subject-9	skin	Thumb.R	na	Thumb.R	human.skin
